小说名称,最新章节,作者,状态,关注
被子女嫌弃，忽悠老年人报考修仙大学,第两千零八章 打开石门耗费大量灵力！,秀儿不是我,连载中,2447
高手下山，我的未婚妻绝色倾城,第247章最终决战 ,守灵人,连载中,0
桃野透视神医,第502章 赢了我就告诉你 ,冬眠MM,连载中,0
都市打工仔系统,努力的人,菠萝老师,连载中,0
娱乐：看我作甚？她们自愿的,第一百三十章 一一到来，快速推进,飞卢之迷,连载中,35
游戏设计：你管这叫休闲小游戏？,第711章不过话说回来,法第三,连载中,63
财阀家的小儿子：我，顺洋嫡长孙,第二千七百八十二章,都市工匠大...,连载中,575
重生：军火大亨，爆杀杨老板！,第472章 放他们一马,太皇天,连载中,91
乡爱：开局逗谢广坤,628李银萍孝顺老人,古道神龙,连载中,119
你透视不去鉴宝，吃什么软饭啊！,第二百章 合力出手 ,姬道人,连载中,0
让你当安检员，你成了大国荣光？,第941章 邻里互助,皇天圣子,连载中,335
重生港岛财阀：我成了杨蜜的干爹,第0848章 绝佳的商业机遇,酒色才气,连载中,616
港岛：截胡戴安娜，缔造千年家族,第909章 展会中的小意外,我只是个扑...,连载中,746
住豪华独栋别墅，侯亮平狗吠啥,94章做好份内事，不要再出错，都散了吧。,万年长青藤,连载中,0
东北旅综：一句小土豆气哭白露,第861章 地球生命线,皇天圣子,连载中,611
港岛财阀贵公子：开局爆杀关美人,第300章 您可是大家心目中的偶像啊,一帝,连载中,21
京圈豪横？杨蜜请军火商干爹！,第1100章他要开始反击了,火书楼辉煌,连载中,7
我，祖国人的身份被重生者曝光了,第828章 总统点了点头,不败蔷薇,连载中,882
查案到截教传人，侯亮平慌了！,第54章 我是侯亮平他爹！,逍遥一书生,连载中,7
娱乐：让你演反派，你教主角做人,第961章我是央妈娱乐电视台的记者,火书楼五爷,连载中,154
鹰酱：兔子！你的航母咋会飞？,第1483章 废墟中的希望,路漫漫其修...,连载中,2164
震惊！他在50年代就是大佬了,第1507章 珍惜你身边的每一个人,Dayan...,连载中,3104
娱乐：我拍僵尸片，吓哭大蜜蜜,第334章被吓了一跳,多思咖啡,连载中,7
恐怖复苏：我，华夏守护神！,240、龙翔碧渊！,星河_,连载中,994
歌手：润到格莱美，虐哭霉霉一夜,第一百零九章 碧昂丝的战书，战歌《Star Sky》回应,娱乐学浅,连载中,0
末日：召唤十万黑影兵，搬空鹰酱,第1545章 草丛后面有人,火书楼五爷,连载中,766
娱乐：扮演财神，富婆抢着续香火,第一千九百二十5章威力提升5,带媳妇飞,连载中,70
幼儿园生活思考,第两百六十七章 周三,Star樱花,连载中,273
京圈豪横封杀？我的歌被国家征用,第828章看来我们的援助已经到来了,火书楼五爷,连载中,91
都市：开局一家芯片工厂,第3086章 新材料突破,大灰狼帕菲,连载中,2826
重生：我，远东之王，收编毛妹,第0440章 带头鼓掌,大击八,连载中,84
娱乐：雪藏十年？我考编国家队！,第1413章 你能明白这一点吗？,火书楼五爷,连载中,252
高武：无限拾取，你天赋全是我的,第51章 提前觉醒,随便写写啊...,连载中,0
喂，老爸，我现在被人追杀！,第2913章 苏言微微一笑,三年退休,连载中,1548
港岛豪门，降服双娇四绝十美人,第507章 黄埔船坞视察工作,不坠青云之...,连载中,0
娱乐：神仙上身！你叫这道具加身,第679章：介绍,火书楼五少...,连载中,21
全民转职：开局虫族，我无敌了！,614、宁入三族乱斗，不入屠龙之门,小皮蛋吖,连载中,3463
内娱豪横雪藏？我考编加入国家队,第363章我们到了，下车吧,火书楼五少...,连载中,105
带领全村撸网贷，打造金融塔寨村,第2351章：欢迎,神龙战将,连载中,2326
娱乐：和白露谈恋爱，网友笑疯了,第10章 直接硬夸啊（求鲜花）,黄伯符,连载中,0
精灵：秘境掌机化，我全员闪光！,308被宝贝龙重创,飞麟,连载中,0
影视神豪：从少年派林妙妙开始！,第3334章 打破人体的桎梏,新年行大运,连载中,400
花香满村,第六百五十章 会死,落叶无痕26,连载中,389
开局氪出十大s级天赋，我无敌了,466、最终倒下的只会是金和光,小黄鱼爱吃...,连载中,700
重生九三大时代,517章 儿子是绘画天才,爱喝葡萄酒,连载中,644
下山后，高冷女神哭着求复合,第28章 鬼门关外绕一圈 ,夏酒神,连载中,0
高武：开局奖励八门遁甲，见闻色,第1537章 难题,陈风崛起,连载中,126
镇世战王,第567章镇龙封印,真道中庸,连载中,28
体坛：我妈姓张，嚣张的张,3688，激烈的谈判！,张小宁,连载中,4470
四合院：搬走后，我曝光禽兽秘密,第１０５９章 百草堂,只会玄幻四...,连载中,224
我，熊大，无限进化，吊打神明,第634章 傲气,恭喜发财哦...,连载中,35
国运：队友只强和熊，白老板崩溃,第1051章 然而,我是滑师傅,连载中,35
中科院答辩现场，我发射卫星乱杀,第483章 永动机真实存在,十二栏杆,连载中,14
重生：开局罐头换飞机,第1794章 发火,打飞机,连载中,812
娱乐：我只想摆脱阿姨的魔咒,第1757章：听说，你跟她关系不错？,要加油啊江...,连载中,2001
败光魔王小金库，言生羡慕疯了,007.那是想和你结婚啊,得麓梦渔,连载中,0
港岛新豪门：开局玉女周美人干爹,316，接手公司，开会！,花边大盗,连载中,28
随口开玩笑，你真给校花表白？,第三千零三十一章 态度坚决,李子李,连载中,625
都市：我的手机连通万界？,2655、烧火烤人,神秘的东哥,连载中,428
美帝公主直播奔现，兔子卷哭世界,第二百七十五章 绵里藏针的松劲 望尘莫及!,日更三万八...,连载中,0
供你考公三年，你上岸提分手,第1777章,超超越越5...,连载中,512
让你搬家，不是抄家！核弹哪来的,377语气不悦,阴德无量,连载中,21
直播算命轰动全网，官方坐不住了,第249章 横店小龙套,飞卢邪僧,连载中,7
高武：分身修炼太卷，被举报开挂,第九百八十四章 神级掌控，灵丹淬炼！,老式爆米花,连载中,251
娱乐：史上最强星二代,第159章 赵伊楠不行，还是得看我们家昆昆,张玉藻,连载中,0
穿在逃亡前，开挂闷声发大财,第330章捡了好多的野果,仟仟梦梦,连载中,500
让你写民国，你写僵尸道长？,第五百六十二章，直接砸晕！ 求订阅支持！,虎狼之师,连载中,78
四合院：我18厂采购，媳妇杨蜜,0715、真病了！而且病得不轻！,伟大的小白...,连载中,140
技能全是神级被动，转职狂战神！,第一千五百四十二章,三水之间,连载中,2045
美漫：创建黑衣人，开局约谈三体,第一千九百六十四章 是敌人还是朋友,维思,连载中,70
为什么一定要做出选择,初衷,小海同学,连载中,70
反派就很无敌,3174 果决,二宝天使,连载中,45235
娱乐：演员的快乐你想象不到,第3523章 急需800万,正儿八经的,连载中,1862
制作原神：我官方下场，卷死二创,第1138章 小n没有理会这些调侃,回忆上了发...,连载中,119
都市：人在民政局，刚和女友登记,第969章,坏女人越越,连载中,0
人在娱乐写日记，杨老板成顶流？,第1128章 找余墨谈判！,一朝乘风去,连载中,322
警界之虎遭诬陷，反手拿下侯亮平,第五章：踩着鲜血和白骨晋升的副厅长,带枪探花,连载中,0
让你写民俗，你写天降太岁？,第一百一十一章、各怀鬼胎，目的达成！,大蒸饺,连载中,7
有困难找警察蜀黍，连熊猫都知道,第396章,大秦执戟郎,连载中,63
直播：草原生活，半夜热芭走错门,第一千六百四十二章 和平台关系到达冰点【求订阅】,四合院反派...,连载中,218
都市：我的技能有点强,第二千六百五十六章 控制不了人的贪欲,毒奶赛高,连载中,0
让你送葬，你吹佛光初现诈尸！,第二百三十五章 千变万化,星空彼岸的...,连载中,7
系统提前三年，可末世真没降临！,235 给傀儡下令！,古德猫宁,连载中,0
军工：碳纤维绳子把杨密绑成花,第260章：作战计划,羊村天一,连载中,7
娱乐：天仙母亲欠债，母债女还！,第二十三章 糖嫣当众被吼，心生绝望,我的天呐呐,连载中,0
港综：人在港岛，法外狂徒,046章 戏码,扛把子的熊...,连载中,14
都市：人到40，突然成了神级奶爸,第1455章 引发思考,特工直播,连载中,792
双原神对比，我海王身份被曝光了,第八百五十三章 我要杀了那个畜生！【求全订求自订】,巡河,连载中,842
崩铁：爆炒黄泉，从打劫星神开局,第三百四十二章 时间控制器【求全订求自订】,北斗天枢星,连载中,49
全民婚配游戏，我能看到提示,第一千二百零八章 猝不及防之下！,向往狂飙,连载中,15181
入职六公主，内娱茶言茶语第一人,578、丧的顿悟,第五始祖,连载中,963
给热芭设计礼服，腰臀比惊艳全网,第207章 敢做还不敢让人说了？,从小喝到大,连载中,0
四合院：从卡车司机开始,第617章 许大茂的老爹,我会开卡车,连载中,357
娱乐：八个腰子，杨蜜吃到饱！,第309章：重逢的喜悦,金长朴,连载中,91
我，校花们的头号反派,007章 全是剧本？,四斗大鱼,连载中,0
说好假盗墓，你这麒麟纹身咋回事,第2199章正在衰败9,天榜闲人,连载中,863
港岛：重生过期军二代，降服四美,第2217章 秦宇正在加强自己的技术【求全订】,ib起飞不...,连载中,2012
神豪：我的十八岁和她在酒店度过,第1947章：返回魔都带孩子上医院检查（求全订）,春日野穹,连载中,1341
港综：从和联胜开始,第73章 第一次高潮集团发展全体会议 ,李十方,连载中,0
师娘赶下山：九个师姐绝色倾城,第二百三十一章 一人敌一军 ,芝士脆,连载中,0
娱乐：悟性逆天，从状元到影帝！,403 铁打的营盘流水的兵,三百首,连载中,7
穿书反派：我，无法无天！,第六百四十一章 不能答应您,为弦为砚,连载中,77
重生：开局杨密送热芭给我玩！,第1633章：市场拓展,迷人天后,连载中,24713
繁花：镇压沪上，国际大亨宝总,第四百零一章 互看不顺眼,走肾的男人,连载中,84
我，摸成了技艺大师,第513章 爆炸装置,天蓝为尊,连载中,275
人在内娱写日记，女星们人设崩了,第五百五十九章：李长歌的胆大妄为，蠢蠢欲动的日不落公主。,怎么更新都...,连载中,170
娱乐：资本保驾护航,第12章：先立业,进阶2,连载中,7
祁同伟，落榜美术生，开长城守望,112.下班后的小聚；新老权力的交替；旧城区改造计划！,天榜我要冲...,连载中,0
港片：疯批警察，我才是罪恶克星,776，幕后大佬，随手解决,花边大盗,连载中,7
娱乐：开局大幂幂扶墙而走,第123章 剧集态度：尊重观众，追求艺术创作！,悠闲女明星,连载中,0
娱乐：热巴引荐，必属精品！,第83章 周景山反思：华映转机与新方向,直播不直,连载中,7
重生香江：开局大战九龙仓,第143章 团队：初心与挑战准备,直播不直,连载中,0
娱乐：开局演反派，比主角抢眼！,第123章 剧集态度：尊重观众，追求艺术创作！,悠闲女明星,连载中,7
娱乐：一剧封神，创建影视帝国！,第715章谈判的请求,多思咖啡,连载中,14
我们都躺平了，你卷成少将？,第一千三百八十二章 灵感来了就是画,谷谷咕咕,连载中,462
登基成国王：鹰酱你别怂啊,第657章 最后的支撑,超级美食家,连载中,289
重生豪门败家子，白露叫我爸爸！,第三七零章 这是梦境？,小陈起飞啦,连载中,839
四合院：罪犯克星，全院慌了！,第728章 逛街,南城四合院,连载中,56
四合院：魅魔体质，禽兽绿麻了！,第765章 想方设法,南城四合院,连载中,201
综港：暴兵百万，邓伯求我当龙头,第1416章 收尾,小小的果冻,连载中,1709
美食：基建营地，我给同胞做顿饭,第830章 炒薏米姜茶,冬夏不渝,连载中,112
四合院：我瘟神降临，禽兽全绝症,第369章 没法忍,超神四合院...,连载中,42
超神：我亿万人格，开局镇压凯莎,第693章 就是光着,南城四合院,连载中,410
都市剧：女友从贝微微开始！,第359章 担心妹妹,直播林天帝,连载中,12313
四合院：入梦嫂子们，绿禽兽变强,第822章 反击,南城四合院,连载中,584
让你出国留学，你带一等功归来？,第1382章怎么了,只想摆烂1,连载中,556
港片：表哥官仔森被杀，大开杀戒,第1195章 局势,果冻有点甜,连载中,1585
四合院：感谢贾家不收留之恩,第1255章 客气,小小的果冻,连载中,352
四合院：聋老太怀孕，傻柱慌了！,第1350章 李洋迎接,小小的果冻,连载中,358
四合院:饥荒开局，全院逼我捐粮,第712章 无情抛弃,南城四合院,连载中,189
电子厂转型，你转型光刻工厂？,第1032章：继续修复能量屏障,闺女小灵儿,连载中,49
巡林日常：我能听懂动物心声,第七百九十章 恐怖的怪物,大白鸽,连载中,3151
太平洋建国，给小日子刷大蘑菇,第909章：终于实现了统一,闺女小灵儿,连载中,35
美食：这鱼犯天条了？上岸就下锅,1511 戳中观众的爽点,不肯人间见...,连载中,572
全民：神级战曲师，国家带我练级,第484章 在黑暗中寻找任何迹象,一世书龙,连载中,70
港片：人在和联胜，手下全狠人,745、冒充，接触，风雨欲来,我叫靓仔,连载中,147
美食：欠债还钱，你们非要吃饭？,第586章 茶艺与古琴,猪脚饭来一...,连载中,0
比绿巨人还猛，你说他是警察？,第2420章：强硬措施,五五来,连载中,2745
精灵：家父冠军，开局闪光巨金怪,第185章 偶遇耿志！耿志的赠礼！,天之子,连载中,0
老妈投资失败，叫我泡她闺蜜杨蜜,1434 激动的神情,虎爷008,连载中,282
四合院：以禽治禽，全院人设崩了,第317章 控制,超神四合院...,连载中,14
欢喜少年：从强逼宋倩开始！,第2096章：相视一笑,五五来,连载中,1215
娱乐：给毛巨星灌酒，我爆火了！,第2412章 怒气冲冲的海米,在下菠萝吹...,连载中,168
肩扛四个女明星，这叫小鲜肉？,第三百五十六章：江城，别走,草莓甜牛奶,连载中,225
娱乐：娶妻杨蜜，靠资本发家致富,第175章 王明磊小事,呆萌的幼龙,连载中,0
末日：开局和扬蜜同房,第一千一百四十八章 我不介意把你们都杀了！,娱乐向往后...,连载中,2384
盗墓：打造长生家族，从摸金开始,第291章 我给你变个戏法,妙笔生光,连载中,35
美食：求你了医生，我真不想出院,第987章 刘一白满载而归,蛋仔上天榜,连载中,21
让你另谋出路，你成紫袍天师？,第九十六章：大日如来掌，千年修为！,瑾年年,连载中,14
我一反派，狂冲男主妈妈很合理吧,357.因而在场的人全数全部,丁斌,连载中,28
港片：比鬼背还猛，这是警察？,第1799章 真相,雨夜之神,连载中,294
巨星天王之从电音开始,第四百五十七章.第二次直播，话题度更高,一块二,连载中,42
四合院：拱火天尊，禽兽哭了！,第1190章 归来,小小的果冻,连载中,765
四合院：开局送全院坐牢，杀疯了,第1581章 小道消息,天机四合院,连载中,350
四合院：人在警司，枪毙全院,第1828章 叔叔,果冻有点甜,连载中,1369
四合院：我能看穿禽兽秘密,第1825章 矛盾,南城大帝,连载中,1170
四合院：人在街道办，拒绝五保户,第1674章 准备礼物,南城大帝,连载中,999
这是高速，你告诉我有满汉全席？,第474章 躲避,哈哈哈哈叠,连载中,21
我的养殖游戏能提现,第一千零一十三章 值得托付未来,想吃烧烤,连载中,91
刚打开青铜门，竟被热芭直播了,1526苏醒6,半城风沙,连载中,5650
让你恋爱你让林允儿破大防,第一百零四章 我要你连我一起养！,沉水龙雀,连载中,0
二战失败后，落榜美术生重生S3,第二百一十六章：一头体形巨大的饿狼,嗷呜1,连载中,0
四合院：分身电锯狂魔，禽兽惊魂,第41章 阎埠贵狮子大开口，抢夺遗产！,果冻甜甜,连载中,28
投胎开始选择，你拿什么和我比？,第361章 胡飞心中更加不满,无敌残狼,连载中,14
别人一扒就塌房，你咋越扒越干净,214、没有七情六欲的人,诺米,连载中,7
娱乐：凯威无力还贷，杨蜜抵债！,第258章：永远地留在身边,大大大的,连载中,0
北漂失败，直播改造老宅,第2199章 紧急敲门声,上天的狼,连载中,1158
我！地表最强身份被重生者曝光了,第2277章另外,不败蔷薇,连载中,3129
寒假兼职摆摊，一等功自己送上门,第两百五十三章:非法交易,一只调皮喵,连载中,7
我哥祁同伟，万亿资本爆杀钟小艾,第106章 打脸陈岩石，大领导：汉东的变化真是日新月异啊！,卢海涛,连载中,7
渔民：发家从举报毒贩开始,第623章 不然谁会用这么大个箱子装啊,羊村冲天一,连载中,98
猎妖之策,第四十二章 大雪落沟渠,旅居客,连载中,0
兔子和蔼友善？咋人手一杆万魂幡,210 万鬼夜行 绝地反击,悲伤忧郁火...,连载中,35
半岛曹贼：检察官为所欲为怎么了,第745章 这里的茶不错,真的很无奈,连载中,119
让你画无敌，你画落魄不良帅？,第四百三十二章 为苏昊辩护,朔风行,连载中,14
我街溜子，漂亮媳妇儿有点傻,第1427章 我妈妈说我是野种，她不会着急的,墨心如沁,连载中,395
四合院：我养蚂蚁，偷光禽兽家产,第４６６章 渠道获取,超神四合院...,连载中,150
我守墓人，总有刁民想盗我的始皇陵,第一千八百八十九章 往往让虫谷滴学子颜面尽失！,气运殿首席...,连载中,4182
海洋悠闲生活：这个主播运气爆棚,第一百七十章 还要什么自行车？,扛把子的熊...,连载中,7
直播：我在热带雨林深处养蜂,第2499章 花谷同学公映，黑子任务,鱼忘三秒,连载中,98
直播：我在热带雨林深处养蜂,第2499章 花谷同学公映，黑子任务,鱼忘三秒,连载中,98
超阶法师，从觉醒雷系亲和开始,第2678章 龙氏集团！,雷系大法师,连载中,4680
带热芭深山挖宝，开局千万倍利润,第811章：问道,羊村冲天一,连载中,7
出狱后爆炒杨密，狂赚千亿,第453章 绝对不能被剽窃,明天会更好...,连载中,14
我在毛熊当军火贩，大帝请我出山,第两千八百四十章：陈宇继续重视农业发展【求订阅】,扛把子的熊...,连载中,4047
娱乐：凤凰组合，从摆烂摸鱼开始,第2101章 焦急的等待,媛大猫,连载中,983
开局被淑贞表白，我爆兵推港岛！,第2136章 项目,港岛大神,连载中,91
港片：绿了大哥就变强！,【594】天道龙头正在大保健？死的真冤！,百更成仙,连载中,624
重生成三星财阀赘婿，执掌泡菜国,第八十九集 大检察厅成立特别调查搜查部！,春天的盖子,连载中,0
娱乐：开局邂逅杨老板,第4158章,坏坏越越,连载中,4151
万国之战：我召回了华夏所有强者,第1214章首相阁下！”秘书惊,洪荒西游,连载中,525
你好，我的1979,第1477章 回礼，准备参加拍卖会,六月听涛,连载中,966
港片：爆炒小结巴，返还黑影兵团,第一千四百九十三章 借我个胆子也不敢打你,四合院反派...,连载中,1430
大小姐只想搞钱,第176章 民国落魄千金（一）,萨琳娜,连载中,217
徒步环游世界，花一分钱算我输,第两千八百九十1章极大的阻碍1,鸭子出山,连载中,2284
万界之门：天魔竟是我自己,第28章 大魔导师阿秀,伍陆柒,连载中,14
娱乐：网剧开局，老婆热芭成顶流,2009.公开宣布要绝地反击，发布新作品，暗算者们都担心了！,零下38度,连载中,161
刚成毛熊大帝，鹰酱，你找我干架,第1407章 虞子枫笑着点了点头,可可西里的...,连载中,77
让你出国深造，你成毛熊领导人？,第1646章 刘欢点了点头,起点的神,连载中,119
悟性逆天，老天师求我开天门,第七百九十三章 对抗遮天伞的方法【求全订求自订】,一枝穿云箭,连载中,371
四合院：50年猎人鲍击秦家双花,第357章 秦云再战林天,超神四合院...,连载中,42
娱乐：被杨老板开除，过上慢生活,第368章那我们要不要先做其,超级炒鸡,连载中,21
村野小神医,第三百三十三章：喜不自胜。 ,田地85,连载中,77
全职大主播：开局魔都五套房,第九十五章 哥！你到底干啥了？ ,慎思量,连载中,7
娱乐探秘：扮演张麒麟，热芭倒贴,第2032章 一丝忧虑！全部释放，江辰等人遇到的麻烦！,僵尸小和尚,连载中,421
美食：我，厨神从炭烤羊腰开始,297 一份温暖的蛋炒饭,红火天下,连载中,35
娱乐：我煤老板，捧红大蜜蜜！,2229 苏和的胜利,大大大平,连载中,2774
港岛：开局卖掉公司，半年赚百亿,第1097章：注意安全,我就要上天...,连载中,1787
娱乐：从诗诗开始横推！,009：你说小明哥厉害，那我厉害么？,反派杨爆爆,连载中,0
美食：满级奶爸，摆摊亏成厨神,075 完整版的《白罗蛇转链》秘籍,红火天下,连载中,7
